Category,Module,URL
Tutorial,安装,https://doc.agentscope.io/zh_CN/tutorial/quickstart_installation.html
Tutorial,核心概念,https://doc.agentscope.io/zh_CN/tutorial/quickstart_key_concept.html
Tutorial,创建消息,https://doc.agentscope.io/zh_CN/tutorial/quickstart_message.html
Tutorial,创建 ReAct 智能体,https://doc.agentscope.io/zh_CN/tutorial/quickstart_agent.html
Workflow,Conversation,https://doc.agentscope.io/zh_CN/tutorial/workflow_conversation.html
Workflow,Multi-Agent Debate,https://doc.agentscope.io/zh_CN/tutorial/workflow_multiagent_debate.html
Workflow,Concurrent Agents,https://doc.agentscope.io/zh_CN/tutorial/workflow_concurrent_agents.html
Workflow,Routing,https://doc.agentscope.io/zh_CN/tutorial/workflow_routing.html
Workflow,Handoffs,https://doc.agentscope.io/zh_CN/tutorial/workflow_handoffs.html
FAQ,常见问题,https://doc.agentscope.io/zh_CN/tutorial/faq.html
Model and Context,模型,https://doc.agentscope.io/zh_CN/tutorial/task_model.html
Model and Context,提示词格式化,https://doc.agentscope.io/zh_CN/tutorial/task_prompt.html
Model and Context,Token 计数,https://doc.agentscope.io/zh_CN/tutorial/task_token.html
Model and Context,记忆,https://doc.agentscope.io/zh_CN/tutorial/task_memory.html
Model and Context,长期记忆,https://doc.agentscope.io/zh_CN/tutorial/task_long_term_memory.html
Tool,工具,https://doc.agentscope.io/zh_CN/tutorial/task_tool.html
Tool,MCP,https://doc.agentscope.io/zh_CN/tutorial/task_mcp.html
Tool,智能体技能,https://doc.agentscope.io/zh_CN/tutorial/task_agent_skill.html
Agent,智能体,https://doc.agentscope.io/zh_CN/tutorial/task_agent.html
Agent,状态/会话管理,https://doc.agentscope.io/zh_CN/tutorial/task_state.html
Agent,智能体钩子函数,https://doc.agentscope.io/zh_CN/tutorial/task_hook.html
Agent,中间件,https://doc.agentscope.io/zh_CN/tutorial/task_middleware.html
Agent,A2A 智能体,https://doc.agentscope.io/zh_CN/tutorial/task_a2a.html
Agent,实时智能体,https://doc.agentscope.io/zh_CN/tutorial/task_realtime.html
Features,管道 (Pipeline),https://doc.agentscope.io/zh_CN/tutorial/task_pipeline.html
Features,计划,https://doc.agentscope.io/zh_CN/tutorial/task_plan.html
Features,RAG,https://doc.agentscope.io/zh_CN/tutorial/task_rag.html
Features,AgentScope Studio,https://doc.agentscope.io/zh_CN/tutorial/task_studio.html
Features,追踪,https://doc.agentscope.io/zh_CN/tutorial/task_tracing.html
Features,智能体评测,https://doc.agentscope.io/zh_CN/tutorial/task_eval.html
Features,OpenJudge 评估器,https://doc.agentscope.io/zh_CN/tutorial/task_eval_openjudge.html
Features,嵌入(Embedding),https://doc.agentscope.io/zh_CN/tutorial/task_embedding.html
Features,TTS,https://doc.agentscope.io/zh_CN/tutorial/task_tts.html
Features,Tuner,https://doc.agentscope.io/zh_CN/tutorial/task_tuner.html
